название,телефон,адрес,ссылка,2gis,сайт,вк
Lux Zone,+7 (930) 257-07-07,"Нижний Новгород, улица Ларина, 30",https://detroll1.github.io/zapis-demo/lux-zone-098274/,https://2gis.com/firm/70000001080098274,,
Vinil52.ru,+7 (920) 040-71-17,"Нижний Новгород, улица Маршала Казакова, 3",https://detroll1.github.io/zapis-demo/vinil52-ru-800268/,https://2gis.com/firm/2674541559800268,http://vinil52.ru,https://vk.com/vinil52ru
Джуси,+7 (831) 214-40-40,"Нижний Новгород, улица Зайцева, 29в",https://detroll1.github.io/zapis-demo/dzhusi-077409/,https://2gis.com/firm/70000001064077409,http://Детейлинг52.РФ,https://vk.com/juicynn
Вмятиноф.рф,+7 (831) 423-05-00,"Нижний Новгород, улица Тимирязева, 15 к2",https://detroll1.github.io/zapis-demo/vmyatinof-rf-550665/,https://2gis.com/firm/70000001006550665,http://вмятиноф.рф,https://vk.com/vmyatinof
Gaiar,+7 (831) 283-58-36,"Нижний Новгород, Вторчермета, 119 лит И",https://detroll1.github.io/zapis-demo/gaiar-730301/,https://2gis.com/firm/70000001076730301,http://gaiar.ru,
Life style,+7 (920) 250-97-48,"Нижний Новгород, улица Переходникова, 6",https://detroll1.github.io/zapis-demo/life-style-232360/,https://2gis.com/firm/70000001050232360,,https://vk.com/life_style_detailing
Мастерская шиномонтажа и порошковой окраски,+7 (831) 280-83-54,"Нижний Новгород, улица Бекетова, 13е",https://detroll1.github.io/zapis-demo/masterskaya-shinomontazha--122253/,https://2gis.com/firm/70000001110122253,,https://vk.com/gunmetallnn
LotPrice,+7 (963) 232-66-22,"Нижний Новгород, проспект Гагарина, 25в п1",https://detroll1.github.io/zapis-demo/lotprice-910512/,https://2gis.com/firm/70000001099910512,http://t.me/lotprice_cp,https://vk.com/lotprice
Антивмятина,+7 (910) 888-60-01,"Нижний Новгород, Деловая улица, 20а",https://detroll1.github.io/zapis-demo/antivmyatina-877141/,https://2gis.com/firm/70000001050877141,http://antivmyatina.ru/?utm_source=2gis&utm_medium=geo&utm_content=link,https://vk.com/antivmyatina
Inside,+7 (831) 280-96-22,"Нижний Новгород, улица Минеева, 29/2а",https://detroll1.github.io/zapis-demo/inside-666077/,https://2gis.com/firm/70000001031666077,http://inside-tyre.ru,https://vk.com/inside_tyre
Первый автомобильный салон красоты,+7 (920) 073-90-07,"Бор, улица Лихачёва, 4Б",https://detroll1.github.io/zapis-demo/pervyy-avtomobilnyy-salon--472876/,https://2gis.com/firm/70000001103472876,http://t.me/thefirstbeatycarsalon,https://vk.com/thefirstcarbeautysalon
Кузов-НН,+7 (920) 055-54-56,"Нижний Новгород, Республиканская улица, 24",https://detroll1.github.io/zapis-demo/kuzov-nn-773999/,https://2gis.com/firm/70000001086773999,http://kuzov-nn.com,https://vk.com/kuzov_nn
Ритмобиль,89030569096 (единая справочная - пн-вс 9:00-21:00),"Нижний Новгород, Удмуртская улица, 41в",https://detroll1.github.io/zapis-demo/ritmobil-168975/,https://2gis.com/firm/70000001007168975,http://ritmobil.ru/alarm/?utm_source=2gis&utm_medium=cpc&utm_campaign=rk2026,https://vk.com/ritmobil
ЧекБокс360,+7 (953) 997-98-91,Кстово,https://detroll1.github.io/zapis-demo/chekboks360-111292/,https://2gis.com/firm/70000001117111292,,
Катарсис,+7 (964) 831-54-03,"Нижний Новгород, проспект Гагарина, 118а",https://detroll1.github.io/zapis-demo/katarsis-304173/,https://2gis.com/firm/70000001089304173,http://detailing-katharsis.ru,https://vk.com/katharsiscar
Автосалон152,+7 (831) 215-60-00,"Нижний Новгород, Московское шоссе, 52е к1",https://detroll1.github.io/zapis-demo/avtosalon152-098915/,https://2gis.com/firm/70000001028098915,http://geely-autosalon152.ru,
Субару Центр Нижний Новгород,+7 (831) 266-99-62,"Нижний Новгород, улица Куйбышева, 30Б",https://detroll1.github.io/zapis-demo/subaru-centr-nizhniy-novgo-820759/,https://2gis.com/firm/2674540559820759,http://nnsubaru.ru/?utm_source=2gis,https://vk.com/nn.subaru
Интерпласт.Про,+7 (831) 280-85-16,"Нижний Новгород, улица Куйбышева, 30Б",https://detroll1.github.io/zapis-demo/interplast-pro-247356/,https://2gis.com/firm/70000001050247356,http://t.me/interplast_pro_antikor,https://vk.com/interplast_pro
БЦР Моторс,+7 (831) 218-00-00,"Нижний Новгород, Казанское шоссе, 6Б",https://detroll1.github.io/zapis-demo/bcr-motors-625245/,https://2gis.com/firm/70000001035625245,http://kia-bcr.ru,https://vk.com/bcrmotors
Lamark,+7 (991) 898-75-21,"Нижний Новгород, Памирская улица, 11/1",https://detroll1.github.io/zapis-demo/lamark-779728/,https://2gis.com/firm/70000001064779728,http://anticorcenter-nn.ru/?utm_source=2gis&utm_medium=maps&utm_campaign=nizhny_novgorod&utm_content=branch_card,https://vk.com/anticorcenter
БЦР Моторс,+7 (831) 220-00-11,"Нижний Новгород, проспект Гагарина, 29д",https://detroll1.github.io/zapis-demo/bcr-motors-635965/,https://2gis.com/firm/2674540563635965,http://kia-bcr.ru,https://vk.com/bcrmotors
831,+7 (831) 423-01-31,"Нижний Новгород, улица Родионова, 187",https://detroll1.github.io/zapis-demo/831-729713/,https://2gis.com/firm/2674540563729713,,
Second life,+7 (904) 905-10-54,"Нижний Новгород, улица им. Генерала И.Д. Ивлиева, 22а",https://detroll1.github.io/zapis-demo/second-life-042319/,https://2gis.com/firm/70000001083042319,,https://vk.com/club227885793
Lucky Duck,+7 (999) 121-31-11,"Нижний Новгород, улица Родионова, 190д/1",https://detroll1.github.io/zapis-demo/lucky-duck-507717/,https://2gis.com/firm/70000001055507717,http://детейлинг-в-нижнем-новгороде.рф,https://vk.com/the_lucky_duck
NLX-Studio,+7 (831) 410-86-66,"Нижний Новгород, Алексеевская улица, 10/16",https://detroll1.github.io/zapis-demo/nlx-studio-951634/,https://2gis.com/firm/2674540563951634,http://www.nlxstudio.ru,https://vk.com/nlx_detailing
Первый дилерский центр,+7 (831) 220-08-33,"Нижний Новгород, улица Куйбышева, 30Б",https://detroll1.github.io/zapis-demo/pervyy-dilerskiy-centr-749671/,https://2gis.com/firm/2674540559749671,http://suzuki-nn.com,https://vk.com/suzukivnn
Юникор,+7 (831) 422-11-11,"Нижний Новгород, проспект Гагарина, 121д",https://detroll1.github.io/zapis-demo/yunikor-880927/,https://2gis.com/firm/70000001018880927,http://unikor.lada.ru/?dealer=549458691,https://vk.com/unikor_lada
MmCars,+7 (920) 066-96-66,"Нижний Новгород, проспект Гагарина, 60 к20",https://detroll1.github.io/zapis-demo/mmcars-405970/,https://2gis.com/firm/70000001093405970,http://t.me/mmcarsdetailing,https://vk.com/mmcarsdetailing
Тайм-Сервис,+7 (831) 231-04-10,"Нижний Новгород, Кировская улица, 110",https://detroll1.github.io/zapis-demo/taym-servis-104175/,https://2gis.com/firm/70000001026104175,http://timeservice-nn.ru,https://vk.com/timeservicenn
Custom,+7 (831) 424-43-33,"Нижний Новгород, улица Белинского, 124",https://detroll1.github.io/zapis-demo/custom-327013/,https://2gis.com/firm/70000001097327013,http://nncustom.ru,https://vk.com/nncustom52
